A,B,M,N,CURRENT,VM,VN,err,k,dV,I,rhoa
1,2,3,4,0.1,0.05,0.02,0.03,6.283185307179586,0.030000000000000002,0.1,1.8849555921538759
2,3,4,5,0.1,0.08,0.03,0.03,6.283185307179586,0.05,0.1,3.141592653589793
3,4,5,6,0.1,0.12,0.04,0.03,6.283185307179586,0.07999999999999999,0.1,5.026548245743668
