{"mode": "TD", "gate_ms": 0.0, "tau": 0.0, "n_readings": 90, "n_gates_max": 6, "gates": [[-0.00309147, -0.00281923, -0.00223046, -0.00238161, -0.00217648, -0.00194104], [-0.000657904, -0.00141206, -0.00226094, -6.65232e-06, 0.000491428, -0.000369329], [-0.00375232, -0.00306253, -0.00254836, -0.00220953, -0.00174211, -0.00162778], [-0.00221897, -0.00168814, -0.00161222, -0.00151854, -0.00151511, -0.00131589], [-0.0012951, -0.00102307, -0.000955254, -0.000922528, -0.000817268, -0.00072969], [-0.000971779, -0.000780237, -0.000804492, -0.000791948, -0.00082435, -0.000725247], [-0.00176951, -0.0012307, -0.000942011, -0.000814768, -0.000704162, -0.000681576], [-0.00148008, -0.000944567, -0.000634127, -0.000544898, -0.000535789, -0.000536022], [-0.00145266, -0.000884896, -0.00065332, -0.000544945, -0.000543132, -0.00051971], [-0.00341144, -0.0027438, -0.00233768, -0.00210551, -0.00190325, -0.00175693], [-0.00192871, -0.00161637, -0.00134635, -0.00122274, -0.000952807, -0.000903402], [-0.00107997, -0.000926732, -0.000769761, -0.000653677, -0.000513363, -0.000475126], [-0.00131767, -0.00107102, -0.000912015, -0.000821722, -0.000684863, -0.000671518], [-0.00253295, -0.00177885, -0.00148869, -0.00125567, -0.000887709, -0.000433189], [-0.00244444, -0.00149945, -0.00149212, -0.000889756, -0.000814384, -0.000523321], [-0.000695445, -0.000360816, -0.000742535, 9.20371e-05, -0.000241782, 6.66591e-05], [-0.00297043, -0.00241616, -0.00204721, -0.00187009, -0.00168995, -0.00188046], [-0.00179864, -0.00149247, -0.000861568, -0.00111325, -0.0010106, -0.00113503], [-0.00176122, -0.00133628, -0.00081354, -0.00104156, -0.000920859, -0.0009054], [-0.00126077, -0.000847051, -0.000544183, -0.000634534, -0.000583962, -0.000553939], [-0.00284354, -0.00192564, -0.00134394, -0.0010054, -0.000720461, -0.000730882], [-0.00261291, -0.0016278, -0.00113974, -0.000841429, -0.000711917, -0.000697835], [0.00270065, 0.00179064, 0.00131516, 0.000966388, 0.000877058, 0.000743885], [-0.00270093, -0.00221245, -0.00192999, -0.0017018, -0.00153455, -0.00134272], [-0.0025719, -0.00204279, -0.0018286, -0.001589, -0.00141535, -0.00123317], [-0.00143993, -0.00109356, -0.000907297, -0.000796587, -0.00067929, -0.000563107], [-0.0016819, -0.00121517, -0.0010091, -0.000877289, -0.000768063, -0.000629849], [-0.00430475, -0.00290094, -0.00216046, -0.00171752, -0.00140951, -0.00120268], [-0.0013442, -0.000760627, -0.000615786, -0.000456077, -0.000409324, -0.000336716], [0.0091459, 0.00568069, 0.00421681, 0.00329203, 0.00264352, 0.00222409], [-0.00235557, -0.00187244, -0.00147935, -0.00123623, -0.00131646, -0.00108092], [-0.00189665, -0.00147886, -0.00130962, -0.000970225, -0.000974881, -0.000739916], [-0.00200448, -0.00155201, -0.00107359, -0.000962997, -0.00100976, -0.000877578], [0.00369842, 0.00267792, 0.00236635, 0.00156127, 0.000953628, 0.00123475], [-0.00368102, -0.00268119, -0.00242518, -0.00207928, -0.00163681, -0.00162771], [-0.00334385, -0.00246753, -0.0021269, -0.00175179, -0.00150104, -0.0015637], [-0.00269202, -0.00167844, -0.00155968, -0.00147517, -0.00104755, -0.000889739], [-0.00202591, -0.00147292, -0.00121364, -0.000980524, -0.000830573, -0.000880349], [-0.00280107, -0.00182366, -0.00134965, -0.00123895, -0.0010451, -0.00065183], [0.00961833, 0.00575701, 0.00421829, 0.00341656, 0.00286454, 0.00224252], [-0.0031495, -0.00285901, -0.00237931, -0.00191512, -0.00159951, -0.00121072], [-0.00356425, -0.0025088, -0.00200927, -0.00174743, -0.00151816, -0.00131489], [-0.00228225, -0.0015735, -0.00122444, -0.000991748, -0.000809225, -0.000827796], [-0.000789638, -0.000545651, -0.000454944, -0.000365138, -0.000367678, -0.000354928], [0.0049317, 0.00300422, 0.00227022, 0.00182451, 0.00145292, 0.00125438], [0.00527842, 0.00325649, 0.00240799, 0.00194414, 0.00160234, 0.0013574], [-0.00376683, -0.00263929, -0.00204021, -0.00190876, -0.00139707, -0.00157069], [-0.00113356, -0.000837159, -0.000579295, -0.000738688, -0.000454132, -0.000507966], [0.00328791, 0.00188247, 0.00132314, 0.000983362, 0.000679964, 0.000755982], [0.00162792, 0.000860704, 0.00064852, 0.000494893, 0.00047511, 0.000348079], [-0.00257776, -0.00188217, -0.00155303, -0.00123473, -0.00120062, -0.00109249], [0.00355284, 0.00204692, 0.00144568, 0.00112121, 0.000835382, 0.000701391], [0.008807, 0.00519831, 0.00383992, 0.00311468, 0.00236907, 0.00196712], [0.0088807, 0.00545577, 0.00418106, 0.00300007, 0.00288469, 0.00210174], [-0.000423452, -0.000396334, -0.000324896, -0.000302498, 3.72166e-05, -0.000265872], [0.00411788, 0.00164231, 0.000998711, 0.000854564, 0.0006294, 0.00060607], [0.00948297, 0.00537522, 0.00391482, 0.00349923, 0.00233782, 0.00257931], [0.00475992, 0.00274844, 0.00159496, 0.00187345, 0.00129912, 0.00154425], [-0.00103238, -0.000637942, -0.000722721, -0.000345486, -0.000408602, -0.000141973], [0.00332777, 0.00125765, 0.000878947, 0.000412272, -0.000151593, 5.84612e-05], [0.00886953, 0.00513629, 0.00393131, 0.00319185, 0.00232033, 0.00213563], [0.00228146, 0.00146002, 0.000988656, 0.000943056, 0.000629563, 0.000670147], [-0.00122641, -0.00059289, -0.000486184, -0.000318647, -0.000366133, -0.000305142], [0.006091, 0.00351327, 0.00286841, 0.00169026, 0.00179883, 0.00144346], [0.00168535, 0.000290649, 0.00105519, 0.000549233, 0.000524349, 0.000431263], [-0.00119631, -0.000297168, -0.000758689, -0.000522245, -0.000338176, -0.000247994], [-0.00252644, -0.00332939, -0.00301943, -0.00310932, -0.0030295, -0.00306761], [0.00984415, 0.00601872, 0.00435083, 0.00362029, 0.00282691, 0.00250437], [0.00462901, 0.00308602, 0.002706, 0.00206114, 0.00129322, 0.000227909], [0.00995546, 0.00614404, 0.00388204, 0.00402335, 0.00340202, 0.00349883], [0.00194434, 0.00141991, 0.000620254, 0.000700152, 0.000164238, 0.000352476], [0.00844133, 0.00542167, 0.00418147, 0.00331075, 0.00258738, 0.00206393], [0.00438869, 0.00267229, 0.00198354, 0.00157388, 0.00124952, 0.00113463], [0.00885634, 0.00561865, 0.00428373, 0.0034947, 0.00290152, 0.00272233], [0.00254744, 0.00164777, 0.00121981, 0.00112193, 0.000895905, 0.00085019], [0.00818802, 0.00493901, 0.00381995, 0.00304932, 0.00246496, 0.00214999], [0.00538186, 0.00304565, 0.00237016, 0.0017628, 0.00139341, 0.00135566], [0.0112251, 0.0066996, 0.00528762, 0.00498656, 0.0034758, 0.00379806], [0.00906819, 0.0054792, 0.00415375, 0.0033875, 0.00274922, 0.00252998], [0.00611001, 0.00384853, 0.00287204, 0.00240724, 0.00188672, 0.0019165], [0.00907417, 0.00431651, 0.00266803, 0.00166507, 0.00124126, 0.00120959], [0.0102472, 0.00628148, 0.00464964, 0.00359634, 0.00286811, 0.00243742], [0.00799505, 0.00504606, 0.00387833, 0.00299937, 0.00242233, 0.00206545], [0.00562399, 0.0032988, 0.00254299, 0.00201811, 0.00182016, 0.00148422], [0.00349051, 0.00187721, 0.00125645, 0.000879098, 0.000580407, 0.000302123], [0.00456719, 0.00286957, 0.0022067, 0.00178751, 0.00142583, 0.00112102], [0.00360043, 0.00216783, 0.0013538, 0.00105567, 0.00080846, 0.000801874], [-0.000306242, -0.000215455, -0.000396594, -0.000313105, -0.000458451, -0.000435949], [-0.000794795, -0.000754832, -0.000608096, -0.000563789, -0.000447634, -0.000404543], [0.00568815, 0.00498802, 0.00480625, 0.00424642, 0.00433557, 0.00396028]],