A,B,M,N,CURRENT,VM,VN,err,k,dV,I,rhoa
1,2,3,4,0.1,0.012,0.0105,0.03,6.283185307179586,0.0014999999999999996,0.1,0.09424777960769377
1,3,2,4,0.1,0.0095,0.0081,0.03,6.283185307179586,0.0014000000000000002,0.1,0.08796459430051422
