A,B,M,N,CURRENT,VM,VN,k,err,dV,I,rhoa
1,2,3,4,0.1,0.05,0.02,31.416,0.03,0.030000000000000002,0.1,9.4248
2,3,4,5,0.1,0.08,0.03,31.416,0.03,0.05,0.1,15.708
3,4,5,6,0.1,0.12,0.04,31.416,0.03,0.07999999999999999,0.1,25.132799999999996
4,5,6,7,0.1,0.06,0.025,31.416,0.03,0.034999999999999996,0.1,10.995599999999998
5,6,7,8,0.1,0.09,0.035,31.416,0.03,0.05499999999999999,0.1,17.278799999999997
