{"mode": "TD", "gate_ms": 166.66666666666666, "tau": 1000.0, "n_readings": 214, "n_gates_max": 6, "gates": [[0.0898165, 0.0669124, 0.0546035, 0.045819, 0.0412598, 0.03614], [-0.00881405, -0.00744789, -0.00791877, -0.0052565, -0.00459632, -0.00515208], [-0.00796458, -0.00649164, -0.00601941, -0.00484726, -0.00462158, -0.00407525], [-0.00388916, -0.00355014, -0.00211661, -0.0033339, -0.00305568, -0.00207417], [-0.00309147, -0.00281923, -0.00223046, -0.00238161, -0.00217648, -0.00194104], [-0.000657904, -0.00141206, -0.00226094, -6.65232e-06, 0.000491428, -0.000369329], [-0.0008496, -0.000770573, 8.71115e-05, -0.00139673, -0.000989551, -0.00108618], [-0.000253461, -0.000968836, -0.000458293, -0.000794319, -9.4648e-05, -0.000708176], [0.0808277, 0.0598772, 0.048371, 0.0423039, 0.0372677, 0.0337483], [-0.0131726, -0.0110796, -0.00981684, -0.00872666, -0.00772905, -0.00712841], [-0.00957392, -0.00755242, -0.00682735, -0.00616487, -0.00569532, -0.00515764], [-0.00712341, -0.00565811, -0.00502266, -0.00448479, -0.00412207, -0.0037925], [-0.00375232, -0.00306253, -0.00254836, -0.00220953, -0.00174211, -0.00162778], [-0.00221897, -0.00168814, -0.00161222, -0.00151854, -0.00151511, -0.00131589], [-0.0012951, -0.00102307, -0.000955254, -0.000922528, -0.000817268, -0.00072969], [-0.000971779, -0.000780237, -0.000804492, -0.000791948, -0.00082435, -0.000725247], [-0.00176951, -0.0012307, -0.000942011, -0.000814768, -0.000704162, -0.000681576], [-0.00148008, -0.000944567, -0.000634127, -0.000544898, -0.000535789, -0.000536022], [-0.00145266, -0.000884896, -0.00065332, -0.000544945, -0.000543132, -0.00051971], [0.0795092, 0.0606707, 0.0503853, 0.0447883, 0.0405845, 0.0370348], [-0.0079117, -0.00671764, -0.0057583, -0.00494434, -0.00414325, -0.00355038], [-0.0107961, -0.0086931, -0.00757741, -0.00683348, -0.00608388, -0.00561406], [-0.00485007, -0.00396323, -0.00345858, -0.00325584, -0.00303797, -0.00284091], [-0.00341144, -0.0027438, -0.00233768, -0.00210551, -0.00190325, -0.00175693], [-0.00192871, -0.00161637, -0.00134635, -0.00122274, -0.000952807, -0.000903402], [-0.00107997, -0.000926732, -0.000769761, -0.000653677, -0.000513363, -0.000475126], [-0.00131767, -0.00107102, -0.000912015, -0.000821722, -0.000684863, -0.000671518], [-0.00253295, -0.00177885, -0.00148869, -0.00125567, -0.000887709, -0.000433189], [-0.00244444, -0.00149945, -0.00149212, -0.000889756, -0.000814384, -0.000523321], [-0.000695445, -0.000360816, -0.000742535, 9.20371e-05, -0.000241782, 6.66591e-05], [0.0948003, 0.0705603, 0.0601355, 0.0531616, 0.0482749, 0.0428574], [-0.0133688, -0.0118056, -0.0105417, -0.00982225, -0.00903345, -0.00846184], [-0.00787326, -0.00660824, -0.00768058, -0.00542354, -0.00468866, -0.00429351], [-0.00533154, -0.00437062, -0.0028805, -0.00321514, -0.00307318, -0.00304414], [-0.00297043, -0.00241616, -0.00204721, -0.00187009, -0.00168995, -0.00188046], [-0.00179864, -0.00149247, -0.000861568, -0.00111325, -0.0010106, -0.00113503], [-0.00176122, -0.00133628, -0.00081354, -0.00104156, -0.000920859, -0.0009054], [-0.00126077, -0.000847051, -0.000544183, -0.000634534, -0.000583962, -0.000553939], [-0.00284354, -0.00192564, -0.00134394, -0.0010054, -0.000720461, -0.000730882], [-0.00261291, -0.0016278, -0.00113974, -0.000841429, -0.000711917, -0.000697835], [0.00270065, 0.00179064, 0.00131516, 0.000966388, 0.000877058, 0.000743885], [0.0727723, 0.0507114, 0.0401797, 0.0339462, 0.0282944, 0.025611], [-0.00752702, -0.00721608, -0.00660386, -0.0062202, -0.0058729, -0.00542913], [-0.0081333, -0.00658864, -0.00578014, -0.00512598, -0.00456756, -0.00414123], [-0.00472711, -0.00385942, -0.00337762, -0.00298728, -0.00280547, -0.00254592], [-0.00270093, -0.00221245, -0.00192999, -0.0017018, -0.00153455, -0.00134272], [-0.0025719, -0.00204279, -0.0018286, -0.001589, -0.00141535, -0.00123317], [-0.00143993, -0.00109356, -0.000907297, -0.000796587, -0.00067929, -0.000563107], [-0.0016819, -0.00121517, -0.0010091, -0.000877289, -0.000768063, -0.000629849], [-0.00430475, -0.00290094, -0.00216046, -0.00171752, -0.00140951, -0.00120268], [-0.0013442, -0.000760627, -0.000615786, -0.000456077, -0.000409324, -0.000336716], [0.0091459, 0.00568069, 0.00421681, 0.00329203, 0.00264352, 0.00222409], [0.0824158, 0.059704, 0.0488013, 0.0424435, 0.038296, 0.0354151], [-0.00728682, -0.00606213, -0.00544436, -0.00461082, -0.00456969, -0.00335742], [-0.00770786, -0.00625577, -0.00574898, -0.00508502, -0.00453244, -0.0038875], [-0.00455261, -0.00345948, -0.00310441, -0.00275225, -0.00271655, -0.00223479], [-0.00425382, -0.00329407, -0.00280396, -0.0024681, -0.00247577, -0.00196441], [-0.00235557, -0.00187244, -0.00147935, -0.00123623, -0.00131646, -0.00108092], [-0.00189665, -0.00147886, -0.00130962, -0.000970225, -0.000974881, -0.000739916], [-0.00200448, -0.00155201, -0.00107359, -0.000962997, -0.00100976, -0.000877578], [-0.00482118, -0.00344859, -0.00228351, -0.00187978, -0.00125021, -0.00154348], [0.00369842, 0.00267792, 0.00236635, 0.00156127, 0.000953628, 0.00123475], [0.0121195, 0.00753056, 0.00577052, 0.00475512, 0.00390264, 0.00326987], [0.0936014, 0.072519, 0.06115, 0.0538036, 0.0505413, 0.0476592], [-0.00707115, -0.00635599, -0.00529129, -0.00443049, -0.00390006, -0.00340259], [-0.00757476, -0.00591486, -0.00533537, -0.00475128, -0.00394222, -0.00373909], [-0.00706195, -0.00534706, -0.00486281, -0.00428849, -0.00345068, -0.00344379], [-0.00368102, -0.00268119, -0.00242518, -0.00207928, -0.00163681, -0.00162771], [-0.00334385, -0.00246753, -0.0021269, -0.00175179, -0.00150104, -0.0015637], [-0.00269202, -0.00167844, -0.00155968, -0.00147517, -0.00104755, -0.000889739], [-0.00202591, -0.00147292, -0.00121364, -0.000980524, -0.000830573, -0.000880349], [-0.00280107, -0.00182366, -0.00134965, -0.00123895, -0.0010451, -0.00065183], [0.0139588, 0.00853346, 0.00623741, 0.0049073, 0.00405754, 0.003412], [0.00961833, 0.00575701, 0.00421829, 0.00341656, 0.00286454, 0.00224252], [0.0836002, 0.0649501, 0.0540463, 0.0486653, 0.0441003, 0.042078], [-0.0031495, -0.00285901, -0.00237931, -0.00191512, -0.00159951, -0.00121072], [-0.00989789, -0.00772074, -0.00657395, -0.00584183, -0.00522021, -0.00474531], [-0.00491365, -0.00372843, -0.00312584, -0.00270915, -0.00240481, -0.00213705], [-0.00433481, -0.00325593, -0.00265815, -0.00224848, -0.00200447, -0.00183678], [-0.00356425, -0.0025088, -0.00200927, -0.00174743, -0.00151816, -0.00131489], [-0.00228225, -0.0015735, -0.00122444, -0.000991748, -0.000809225, -0.000827796], [-0.000789638, -0.000545651, -0.000454944, -0.000365138, -0.000367678, -0.000354928], [0.0049317, 0.00300422, 0.00227022, 0.00182451, 0.00145292, 0.00125438], [0.0180313, 0.0111565, 0.00829908, 0.0065134, 0.00538312, 0.00451532], [0.00527842, 0.00325649, 0.00240799, 0.00194414, 0.00160234, 0.0013574], [0.0945406, 0.0731793, 0.0610172, 0.053805, 0.0496476, 0.0457658], [-0.0118972, -0.00976758, -0.00843968, -0.00732999, -0.00631218, -0.00592242], [-0.00807936, -0.00631038, -0.00530692, -0.00479873, -0.00407341, -0.00380712], [-0.00694024, -0.00521684, -0.00429718, -0.00388356, -0.00323792, -0.00318229], [-0.00531123, -0.00391999, -0.00312343, -0.00285597, -0.00226263, -0.00221597], [-0.00376683, -0.00263929, -0.00204021, -0.00190876, -0.00139707, -0.00157069], [-0.00113356, -0.000837159, -0.000579295, -0.000738688, -0.000454132, -0.000507966], [0.00328791, 0.00188247, 0.00132314, 0.000983362, 0.000679964, 0.000755982], [0.0193369, 0.0118942, 0.00887099, 0.00698651, 0.00569068, 0.00470327], [0.0143426, 0.00874095, 0.00654119, 0.00516697, 0.0042979, 0.00352652], [0.00162792, 0.000860704, 0.00064852, 0.000494893, 0.00047511, 0.000348079], [0.0767091, 0.0573898, 0.0477765, 0.0421639, 0.0379429, 0.035844], [-0.00635836, -0.0053937, -0.00453703, -0.00387749, -0.00332232, -0.00293892], [-0.0103435, -0.00799415, -0.00690447, -0.00602098, -0.00534079, -0.00490448], [-0.00775009, -0.00570172, -0.00482603, -0.00408495, -0.00362998, -0.00326815], [-0.00567944, -0.00410543, -0.00335394, -0.00277639, 