A,B,M,N,CURRENT,dV
1,2,3,4,0.1,0.0014999999999999996
1,3,2,4,0.1,0.0014000000000000002
